RJ5J6XOAH9,4YAWV3FUVP,29,2015-7-15,2018-2-18,Expired
WEA5PTY3MP,O3RO9QCVO4,23,2016-1-25,2017-4-2,Expired
S1YD6SMWKJ,IPGVAGV49D,30,2016-9-12,2017-4-9,Expired
2VPTOVRCVW,QYOTDIUCTF,20,2016-2-4,2017-5-5,Expired
BF9VU5I984,7NBWSAFB7Y,26,2017-3-1,2017-10-1,Expired
Y6UMOX7S2V,7Y5JTJQ2QJ,23,2017-11-25,2017-8-17,Expired
WXV6O1ACIL,JVXJ0QWEJ0,22,2015-10-11,2017-7-14,Expired
JT1YF6D5MD,54Y537TMYY,24,2015-3-18,2018-4-2,Expired
67YVW1V8L6,YVL7Y82VCA,25,2017-4-27,2019-3-27,Active
OQSG0SOCB5,C5TT2X75JG,27,2017-6-24,2019-5-28,Active
D3OJ348R6K,0OKRIQW9UV,29,2017-1-4,2017-11-9,Expired
SKP7SEFIOI,288U2V5P6K,29,2016-11-23,2017-5-17,Expired
WNB32OB3IC,5YE7YAU7Y9,27,2015-12-3,2018-3-26,Expired
BOAOEYCVPT,NGBXF47MK7,24,2017-6-7,2019-1-28,Active
B4OV91U00D,IYPWENS4JG,25,2016-7-21,2017-7-4,Expired
JRKU2BVNTJ,EY1TDCJMGE,23,2016-6-11,2017-3-26,Expired
XBGBJXK9HJ,LAYJERKORU,23,2017-8-25,2018-3-7,Expired
AQ360DMD4P,K5PXDENH1O,23,2016-8-18,2018-10-25,Expired
AS08YW7EOG,3IVC75GHER,29,2015-10-5,2018-4-2,Expired
TOMXAJ7N4D,O08ISREN4Q,28,2015-2-12,2018-3-5,Expired
5QQITLD19C,YX6THLAXMU,23,2017-7-1,2017-11-2,Expired
W868GRC6US,6JGSE6IQ5T,24,2017-3-20,2018-6-13,Expired
D0LUKTKXQI,C6U4YQY4FL,21,2016-6-15,2017-4-20,Expired
O3V623ULGX,GKJ6NAK8BA,21,2015-5-2,2019-9-20,Active
Y0U4X8T9PF,JU2ULUGNTJ,24,2016-11-22,2017-9-8,Expired
1CP6POANML,LM7AIPKFXY,28,2017-10-21,2019-7-13,Active
RLOIW5RFV6,CSFDFBC0BD,26,2015-2-28,2018-8-18,Expired
IR6YJ4G9FW,CVQTOS0YA4,30,2016-10-27,2017-8-18,Expired
L63JX3NRGI,KSRV0E0N9F,27,2016-1-5,2017-1-4,Expired
H9DBLBQDU6,8I5Q0EX2C1,29,2016-6-27,2018-1-16,Expired
VGMQDRB80E,PLOS3L9BWW,29,2017-4-21,2018-9-17,Expired
826UANRM3J,CQPB4F3O5C,25,2015-10-26,2019-10-26,Active
FH254GVPRR,YEBBMYI1S4,22,2015-1-3,2019-11-9,Active
12BVEI5QS8,HV2KPCLOT4,30,2016-10-10,2017-1-4,Expired
TWHJCNPBVX,XND8EB80D3,22,2016-6-26,2018-2-20,Expired
CFTOPOWNH9,8IW5D1U2UE,20,2015-9-21,2019-1-23,Active
JGJ4NEN4E5,9D58HW83R3,23,2015-5-15,2018-4-10,Expired
A55HYRMYIS,7YY9V183UB,20,2015-6-22,2018-1-23,Expired
Q8H08GHWYP,H9XMA551DE,29,2016-5-8,2018-10-26,Expired
01TFX4ROFC,PG5B15Q61U,29,2017-1-23,2017-6-21,Expired
5WGXJ86E7P,M0E0JC6MAR,26,2017-8-16,2019-2-17,Active
XJ4JJV97CT,KCWXDVT2QB,24,2016-2-27,2019-7-22,Active
XC4X6DLOGW,N0XMTUNAEL,24,2015-9-14,2019-1-3,Active
188OQL89CD,75JQFC1JU4,30,2015-11-16,2018-4-22,Expired
B16MV1O2FU,I50QUAJ5V2,28,2016-7-23,2017-4-1,Expired
EJW5LXTYY4,BWML95H8OX,23,2016-6-3,2018-11-6,Expired
FO3UJG9705,I6TPQBJBRM,28,2017-8-22,2019-9-26,Active
C33HEIIBCH,A0USURUD9Q,27,2016-12-7,2017-5-28,Expired
P1UBLXIQQU,R39C0B5KEK,22,2017-12-1,2017-10-17,Expired
3U0PUJ4YCA,8CJ8LU642N,24,2015-11-25,2018-11-16,Expired
YBBYB9H560,UHWA62ATPR,22,2016-4-7,2018-4-2,Expired
50W0E59B2L,6E2XQ9IHVM,24,2016-3-25,2019-6-4,Active
QJ5RLMN5OG,OJ08MCYV0A,24,2017-6-16,2017-3-18,Expired
29H6A4ER9C,G5CCWCSPL4,21,2017-11-22,2017-1-15,Expired
XMM6666BP9,JJVWDAVKHI,23,2017-7-18,2018-9-2,Expired
53D4B5V7TU,0W1RQYXARG,30,2016-2-13,2019-2-28,Active
U7D7N5UGHR,KSDSHOV5II,30,2016-12-13,2018-4-21,Expired
4VTXU0N52Q,AQB9KV045Y,23,2017-1-9,2019-8-10,Active
03IHO3HC46,IX09YUK48D,28,2015-10-8,2017-5-28,Expired
OLTF9X9CI8,MEXW13EQ25,24,2017-10-9,2018-4-16,Expired
38RKF1YJLY,A2080FXBUR,22,2015-8-3,2019-12-22,Active
O65YM3PTOH,GP61L813XK,25,2017-7-20,2017-5-19,Expired
CNY7YPH17W,VSBTG6MQMO,29,2017-10-11,2018-2-14,Expired
NVMX4VPW3K,Y98GH7T5K0,24,2015-5-8,2018-6-26,Expired
NA7PWS9CE5,LQQP9MJALS,28,2017-4-14,2017-4-22,Expired
WJQV7QTYCC,9P6B1FHR7L,28,2016-10-14,2019-2-15,Active
P7V3D1TK9H,56YKK9K6HN,22,2015-8-8,2018-3-15,Expired
5FYXL8OOQO,HMUQB74O8Q,30,2015-3-26,2017-6-8,Expired
00SBSG0AT2,5FEQFR5TD4,20,2015-5-14,2018-4-4,Expired
J4Y31OMWIX,THQEIE373K,21,2016-6-12,2017-1-3,Expired
476H15CCJP,U45A2VL5MC,26,2015-4-5,2018-3-5,Expired
7W8GYJXL53,6BDLCR83U6,24,2017-1-27,2017-9-4,Expired
9CO384W1KY,ERI0FGJD2X,26,2015-12-15,2018-1-27,Expired
4BAXHD9N11,1VR7GSV4BA,28,2016-11-27,2018-7-9,Expired
J6ETVCUUNE,0UJ135XESR,29,2016-12-27,2017-12-16,Expired
EO6G1JXLAI,QMH61J0VA8,21,2016-2-17,2019-2-17,Active
56GTI8I23Y,9D80MM9JG1,28,2015-1-14,2018-1-24,Expired
2MWXBJF5TF,X0Y93F18A8,23,2017-12-9,2018-3-16,Expired
QTXR4A9196,NKAO86V8OW,25,2015-7-12,2019-6-24,Active
18UV9WCNNO,HME7659ESC,25,2016-11-6,2017-11-1,Expired
BDOEH9J3WY,367BE0MC31,22,2017-6-23,2018-4-11,Expired
33U6XR4KQC,EN0QKKUB52,24,2016-2-4,2017-6-3,Expired
2OKIIQJPS3,D26MY387AC,20,2017-4-3,2018-8-24,Expired
BBEDVHOCRL,UIVTDTQSAO,28,2017-6-26,2017-3-23,Expired
NFFQ3T0DNB,2USX72DGY5,24,2016-1-7,2018-10-5,Expired
O8R6QM0B6R,A6C8VF2GUN,23,2016-1-4,2017-9-17,Expired
HDTAVNGQ9L,KTMIC31YPD,21,2016-11-1,2017-3-22,Expired
DEYB6J2K3R,5YXI101S0A,30,2017-7-26,2019-9-21,Active
7YHKRGJSVO,T3PS8REJ9O,27,2015-7-12,2019-5-28,Active
0TUR3HB5S9,3QBGSE2G9M,25,2017-7-1,2017-2-28,Expired
YKQO5HKKN2,6E90FEVHW9,26,2017-11-4,2017-4-11,Expired
MT6QXPPI3P,9JLXEBXEP8,24,2016-8-28,2018-11-6,Expired
7YG8QCNRKC,SX367LXH8F,25,2016-9-11,2017-2-7,Expired
5B5RJ3KU4L,OM5WEWEQTL,26,2015-2-16,2019-1-17,Active
TYQ17B99Y6,0IUA9SYDCT,26,2017-5-23,2017-12-28,Expired
934HD0BD7G,AT2TQN35OL,21,2015-7-12,2017-3-3,Expired
EWPSHJY9IB,S42B0H643H,26,2017-1-25,2019-4-1,Active
TJ8A46C3EN,PL3NG8SDIF,21,2015-5-16,2018-6-12,Expired
QI0E4SQKQ0,IX4R8UWHFI,22,2017-10-22,2017-1-3,Expired
W1U7DWPQTK,V3ACGY41A3,27,2015-10-21,2017-6-28,Expired
4GWHMM8NE5,1AT5I91WKH,24,2016-9-15,2018-10-15,Expired
J0OLY9XPT3,Q3HUVYFD7B,21,2016-1-21,2017-8-2,Expired
JG63OYN7Q1,GR0XUIPDW6,20,2015-6-19,2019-4-16,Active
XGB4DWVUQQ,TLMUN5RN7J,25,2015-2-21,2019-6-11,Active
G5NGVLRSC1,Q3323GOCVR,30,2015-8-5,2019-2-15,Active
IWFNCCXG4I,XRE1RPLFYF,22,2017-2-17,2017-5-27,Expired
C21J69LW3O,5JD10M465D,21,2016-6-22,2019-3-5,Active
Y8V623DSM0,J12RJ5C1SL,23,2016-1-18,2018-7-5,Expired
4I4G6AUW99,7HPY1H781C,24,2015-7-6,2017-3-24,Expired
GF8FVW3KKG,QD9QJ3MH3P,27,2015-9-27,2018-6-5,Expired
AHD07OCC3D,EGEVK0HJ6M,21,2016-12-21,2018-12-1,Active
8OBY8LMQDA,5HHM86N5XW,20,2015-10-5,2017-3-1,Expired
V9VAYRBFT1,I2GM85H5VG,24,2017-12-10,2017-7-1,Expired
FAVS645HJG,2185N7FDL2,27,2015-10-27,2018-2-8,Expired
PYKECXD4ER,N9RYCXJ9OB,20,2016-7-1,2018-7-13,Expired
PQWWKGFATL,NTWJAPWEHN,24,2017-11-21,2018-11-2,Expired
H1H3TX4UQ6,A22YA12QJ2,29,2017-10-4,2019-5-11,Active
V9QX10FMXQ,O4K1W4OASQ,24,2017-5-18,2017-10-27,Expired
V56X4C4EQT,23F3H08V1B,24,2015-7-26,2019-1-8,Active
65OYDI8WH2,MC8REPTUU8,30,2017-7-14,2017-5-21,Expired
UOS0OOMUYL,BM3PMQI2E2,22,2015-4-3,2018-2-26,Expired
WS2GL712YI,ONWMS23AB4,24,2015-9-20,2018-12-17,Active
DPPJCGMQLG,NN5JJR2OKN,23,2016-5-21,2019-10-24,Active
ABLP150G0Y,Y8MU1XR9YF,27,2015-10-14,2019-6-27,Active
RH2MMGGKN9,R9QB3OUGMO,20,2015-11-17,2017-3-13,Expired
RB32NUJYG8,40HNXO011W,27,2017-9-24,2019-1-14,Active
67LRHD4F67,VSHQA8NOMH,28,2015-8-20,2018-11-27,Expired
ID4K6TBPSP,F9OAINEV92,27,2017-3-9,2017-2-17,Expired
I9TQM9C9LJ,4SMTQUJ7C2,27,2015-7-24,2017-9-25,Expired
L2CDI98B5F,5QIVEKVC9H,26,2017-9-7,2018-2-9,Expired
RHQ2TT6P37,Q270NVB56F,28,2017-3-18,2017-5-12,Expired
HH31S8FPXY,T75N2FNYT2,24,2015-4-12,2017-12-22,Expired
K2OXFFHOF9,FY5ICSAQ4V,20,2016-10-5,2019-9-8,Active
E8CAMJOBJV,0HQUXYANXE,21,2016-9-23,2017-7-15,Expired
UIA6C3KNCQ,HBEODEJGGN,23,2015-8-2,2018-4-24,Expired
QS2X3HKX00,LTE2DUN102,28,2015-9-22,2019-8-7,Active
6NEXWBFGMU,0PRUBV4TW9,23,2015-1-21,2018-7-23,Expired
1RWLMAQTC8,D45VRPEX9O,28,2015-6-28,2017-6-13,Expired
T7OXUQ6KRQ,61E4SOBDA2,24,2015-11-27,2017-7-13,Expired
B4NR1424H3,R52IL7JKM5,28,2017-10-11,2018-12-15,Active
57QQ0MS53T,3LTA66E98J,24,2017-4-18,2017-1-9,Expired
RG0QMAJRE3,WFCY4EWT65,26,2016-10-2,2018-6-22,Expired
7NF7C9UTY0,YPVEU4WMQS,27,2015-5-22,2019-1-21,Active
YWOUTJDM3R,F0140CM39P,24,2015-2-7,2018-2-12,Expired
WBN3SH2YLP,VGRPM32C7L,29,2015-1-7,2019-12-19,Active
F05ISRN9SJ,QCYN9OH9UE,27,2015-3-3,2019-8-4,Active
WMUA602ABM,N44OO2WI43,23,2016-11-20,2018-2-16,Expired
IVY9OSO7BR,NI8LQ9U16W,25,2015-2-20,2018-9-14,Expired
L2YK816GUI,YBEWY62OQ1,22,2015-10-1,2019-7-20,Active
UG6XLE03CF,JMBPF4L617,29,2017-11-12,2019-5-10,Active
C02QFGCQ4G,PSJOU0RPM5,24,2017-1-17,2019-2-16,Active
XXPPBBHH0H,SMA303D6KT,26,2015-11-17,2017-3-23,Expired
YG54JR76UC,LX71C4I6P0,21,2016-11-16,2017-1-15,Expired
MTO9PLMQTP,IA570509MS,26,2016-3-10,2019-7-4,Active
AJ2VJ9H5EP,7QP4EYV62H,21,2017-12-22,2017-7-6,Expired
CBOWADQG9G,AE39BABOII,29,2017-6-9,2017-11-9,Expired
H0S52UL5YU,OQIEOW21WQ,27,2017-11-26,2018-6-26,Expired
DUOSO6C20O,NVW5UGRX1N,30,2017-1-6,2019-1-27,Active
79PLRQFBNK,HT6MIR0CLX,26,2015-8-20,2018-9-6,Expired
3H2UUK5B0T,X8NA46HC57,28,2017-10-27,2018-9-24,Expired
VTM455BRCV,GQ66BWMSQY,20,2015-2-10,2019-1-19,Active
S55943YJJ6,7HJI6CH3AP,24,2015-8-6,2018-5-15,Expired
98PEIK0QEI,J1EDW4Q5VI,28,2016-1-10,2017-6-9,Expired
OHYLWEFNDD,XFXB6FAQHO,29,2015-11-25,2017-1-15,Expired
PTFYFIE77A,0L560ARGSO,23,2017-12-20,2017-9-5,Expired
8OCGB8VXWP,P0JUTNHH6U,23,2015-8-11,2018-4-10,Expired
H6118NN0YH,JL2N9MB139,30,2017-10-2,2018-11-3,Expired
8CFH66SVWV,DCNQGFW5YO,28,2017-5-13,2018-6-6,Expired
VDR5PXWX3S,8RBQ5N4OFT,24,2015-2-12,2018-10-7,Expired
P7B73KGWES,T8KTCQYDRH,26,2015-8-12,2019-10-11,Active
WTPLAL4121,WVQVF4I4RB,23,2015-11-23,2017-8-28,Expired
8KYN9KX7JM,0QXX552550,23,2017-11-24,2019-12-22,Active
092H6BQPCN,TVR1FH9YNV,22,2015-6-26,2019-11-5,Active
UWJAU03HMO,FN1IJ2ILVO,27,2016-9-18,2019-5-17,Active
0G1EXK75A8,DF1GX21EKT,21,2016-3-7,2017-4-11,Expired
XAWUCOS3X7,FE5AL1D8PN,23,2016-11-13,2019-8-10,Active
POOLSGSG1U,J9KGISBLWR,29,2017-6-2,2019-3-16,Active
IS1DG7H9DA,SFRU2FVOVU,29,2015-8-11,2019-12-27,Active
HOE4H8LLK1,9ILKTKNKM0,25,2017-9-20,2017-5-6,Expired
HK5U9TR2K8,V3YRM3FM3F,23,2016-8-17,2019-1-7,Active
PT55UA8A0X,81VK0Q1A6S,21,2017-1-9,2017-12-17,Expired
Q2EXK2YDER,LEW73KO211,20,2015-2-21,2018-12-9,Active
WKOJLG8TQ3,9IJR32SD9W,29,2016-1-20,2019-11-2,Active
XAYM7TJ9NO,8F5S76C3HH,29,2017-11-18,2017-7-3,Expired
DX5LVA9IYO,8Q1MW3XHSY,20,2015-1-12,2019-4-11,Active
9L0N77KKCS,0F7YXA5R2C,24,2015-4-11,2017-2-4,Expired
4GFADJRNMC,7IKJC6VG10,28,2016-4-7,2019-11-10,Active
NHIS9K0G3K,Y212SMV226,26,2015-3-11,2019-9-6,Active
O63GXA7UUT,QCD9BDN9IB,25,2017-1-24,2017-11-9,Expired
T1VQ5B1NQB,6GQEKX926M,28,2016-6-18,2019-1-27,Active
3Q5497CV53,MYQT7HGHLP,29,2015-9-9,2019-11-23,Active
ODY3VWPLC3,D0XMBQU9MR,26,2015-3-7,2017-4-8,Expired
7BGNC8G9UH,J50AC3TMBH,30,2015-3-8,2017-5-19,Expired
IWOF7SDUQN,B9NVVN05FH,30,2017-2-2,2019-4-2,Active
UGVWIJD4U5,KCITQX2LLO,29,2015-7-6,2017-5-23,Expired
GXPMS68136,M3CYNVJT3D,21,2017-10-10,2018-11-23,Expired
KW3XHDGN8X,IJEYN4VU72,20,2017-3-4,2018-3-8,Expired
0TCR8GKMQL,SI8PR92YFI,29,2016-3-25,2019-5-20,Active
6IGBCFSYA7,H61Q6KPTGP,30,2016-11-6,2017-2-19,Expired
AO3QMQFEFQ,0HTR4T399D,22,2017-7-16,2018-3-26,Expired
IATY0WRXM5,W32AUNMSXJ,28,2015-7-22,2019-8-13,Active
4WUU1OGK22,0XQX53GP51,22,2016-7-22,2017-4-17,Expired
48MFOBCOKX,8X6HNV97CL,28,2016-6-9,2018-1-28,Expired
2NU585SX9N,KTT7UFRB6K,22,2016-7-5,2019-7-4,Active
HF1GKDI9VU,KL4AJO4452,28,2015-11-22,2018-2-18,Expired
