OC09CATUY4,Fallout 76,PS4,PS4 Game,86,54.95,E1
XUX9U0I39W,Super Seducer,PS4,PS4 Game,74,69.95,C3
CH58LI7YRY,Assassin's Creed: Odyssey,PS4,PS4 Game,203,53.95,C3
C2X2A9BKUL,Red Dead Redemption 2,PS4,PS4 Game,180,58.95,D2
5FQ4LSSWQL,Kingdom Hearts III,PS4,PS4 Game,271,75.95,B2
J95YGGKKGV,WWE 2K19,PS4,PS4 Game,249,42.95,C1
MBGYD7DQ5N,Anthem,PS4,PS4 Game,192,79.95,B4
24U1JNKWDK,Omensight,PS4,PS4 Game,124,72.95,D3
EUAS8RAFOE,FIFA 19,PS4,PS4 Game,45,38.95,E1
QI64K94RG6,Call of Duty: WWII,PS4,PS4 Game,232,63.95,B3
OI4K1Y7N1C,Shadow of the Tomb Raider,PS4,PS4 Game,280,52.95,A3
03PES4LFPK,Legrand Legacy,PS4,PS4 Game,235,24.95,E1
I5W0VK4WXM,Citadel: Forged With Fire,PS4,PS4 Game,262,25.95,B2
TM7CBEK8S5,Life is Strange 2,PS4,PS4 Game,257,55.95,B3
7FQ0MO2B4R,Immortal: Unchained,PS4,PS4 Game,252,56.95,C2
FSYTBDX494,Impact Winter,PS4,PS4 Game,62,49.95,E2
70Y5VIWR2C,Resident Evil 2,PS4,PS4 Game,122,62.95,E4
P5LXDNSV5J,Marvel's Spider-Man,PS4,PS4 Game,210,60.95,A1
YX18NQ4CN8,For Honor: Marching Fire,PS4,PS4 Game,232,39.95,A3
P236B62VFY,FIFA 19: Champions Edition,PS4,PS4 Game,160,32.95,C3
PNCHTF7AAT,The Elder Scrolls: Blades,PS4,PS4 Game,151,39.95,A2
75MNFKLC3C,Shadows: Awakening,PS4,PS4 Game,180,61.95,B2
S8V3H97X15,The Last of Us: Part II,PS4,PS4 Game,240,50.95,A2
6JLR7GC3EI,Devil May Cry 5,PS4,PS4 Game,119,37.95,A4
JQ9XA0IQJR,Assassin's Creed: Origins,PS4,PS4 Game,251,45.95,B4
99W16LGNNE,Fortnite,PS4,PS4 Game,267,44.95,C1
G8BK027AGX,God of War,PS4,PS4 Game,187,25.95,B2
DCBOQYTHAB,Code Vein,PS4,PS4 Game,161,23.95,D4
5QYPF7SS2H,Visage,PS4,PS4 Game,198,59.95,B2
KQ3FBYNW88,NBA 2K18,PS4,PS4 Game,194,34.95,B2
0TRJPF0LLI,The Witcher 3: Wild Hunt,PS4,PS4 Game,66,30.95,E2
CR3KROYFS7,Secret of Mana,PS4,PS4 Game,176,71.95,B1
SVXIOI621P,Monster Hunter: World,PS4,PS4 Game,65,68.95,C3
C919GIYR9O,MY HERO ONE'S JUSTICE,PS4,PS4 Game,168,23.95,E2
PN71PXWK7K,Forgotton Anne,PS4,PS4 Game,41,24.95,C4
P47LP3WYTQ,Tom Clancy's The Division 2,PS4,PS4 Game,82,35.95,D4
N55BET8CSV,Days Gone,PS4,PS4 Game,189,78.95,E3
AOAG5M5L9Y,Cyberpunk 2077,PS4,PS4 Game,208,24.95,D4
PND1NGTHJL,Metro Exodus,PS4,PS4 Game,248,19.95,E2
JPHI6NOOKA,PLAYERUNKNOWN'S BATTLEGROUNDS,PS4,PS4 Game,178,61.95,A1
NRDMLA9KY0,Battlefield V,PS4,PS4 Game,249,28.95,C4
JYK6I2HQOH,Call of Duty: Black Ops 4,PS4,PS4 Game,211,59.95,E2
MK3C7SKLN4,Destiny 2: Forsaken,PS4,PS4 Game,78,65.95,E4
N26KL5P7OS,Figment,PS4,PS4 Game,141,32.95,B1
NEP0JX6ASM,GreedFall,PS4,PS4 Game,155,71.95,D1
C74PX42NCK,Sudden Strike 4,PS4,PS4 Game,165,39.95,C1
SCRAUJGSTV,The Long Journey Home,PS4,PS4 Game,260,69.95,C2
LOQN9IACSH,Werewolf: The Apocalypse,PS4,PS4 Game,151,48.95,E2
0QR9G6ONW2,Bad North,PS4,PS4 Game,255,23.95,B4
DSXJGSB6P4,Sekiro: Shadows Die Twice - Collector's Edition,PS4,PS4 Game,154,58.95,C4
JHLEH508B5,Grand Theft Auto: San Andreas,Xbox,Xbox Game,114,18.95,C4
FYLXUPR609,Need for Speed: Most Wanted,Xbox,Xbox Game,68,13.95,B2
VL6RKJ61RW,Half-Life 2,Xbox,Xbox Game,67,69.95,B2
2OJHW072TQ,Silent Hill 2,Xbox,Xbox Game,75,38.95,A4
HR1DRXKC2C,Grand Theft Auto: Vice City,Xbox,Xbox Game,123,54.95,A4
QENHD80P9P,Counter-Strike,Xbox,Xbox Game,81,51.95,C2
KE18HLWHSJ,Grand Theft Auto III,Xbox,Xbox Game,60,9.95,A3
L3Y2PQEN87,Need for Speed: Underground 2,Xbox,Xbox Game,49,22.95,C3
DSXTP8MVMV,Star Wars: Knights of the Old Republic,Xbox,Xbox Game,107,14.95,C1
JRKUGF5VS4,Call of Duty 3,Xbox,Xbox Game,134,19.95,B4
9VOUJI5W5Y,Max Payne,Xbox,Xbox Game,117,14.95,D4
XGURLAUXOD,Halo 2,Xbox,Xbox Game,99,30.95,C1
NI0GYXMIDY,Need for Speed: Underground,Xbox,Xbox Game,69,63.95,B1
0L3FQ6MWLH,Beyond Good & Evil,Xbox,Xbox Game,81,30.95,D4
G9I4VA0C6X,Halo: Combat Evolved,Xbox,Xbox Game,61,35.95,A4
7EYHR5D7JR,Return to Castle Wolfenstein,Xbox,Xbox Game,121,12.95,E2
E759VVQQ6A,Star Wars: Knights of the Old Republic II - The Sith Lords,Xbox,Xbox Game,108,55.95,E3
FCPWDVENLM,Prince of Persia: The Sands of Time,Xbox,Xbox Game,61,10.95,D3
69DQ1EKT7F,Mafia,Xbox,Xbox Game,86,51.95,A2
BOC2OTPR4D,The Sims 2,Xbox,Xbox Game,105,11.95,B1
UBASU8W5C4,The Sims,Xbox,Xbox Game,79,14.95,B3
P3688OUYKX,Max Payne 2: The Fall Of Max Payne,Xbox,Xbox Game,114,43.95,A3
GK638NNQND,Tom Clancy's Splinter Cell,Xbox,Xbox Game,42,53.95,E3
93X4KDUNDI,Tomb Raider: Legend,Xbox,Xbox Game,46,43.95,B1
H3L2G0FW1W,Prince of Persia: The Two Thrones,Xbox,Xbox Game,51,12.95,C4
T7Y66X6QMA,Doom 3,Xbox,Xbox Game,99,30.95,A2
0P0BRUWDH1,Spider-Man 2,Xbox,Xbox Game,87,68.95,C4
CPL1C08KAG,Arx Fatalis,Xbox,Xbox Game,66,16.95,C2
S444FLFMS9,Dreamfall: The Longest Journey,Xbox,Xbox Game,92,47.95,D4
DA2PUP6TBU,Need for Speed: Carbon,Xbox,Xbox Game,69,67.95,B2
B8DUD6849C,Hitman: Blood Money,Xbox,Xbox Game,101,65.95,B3
G9JKDTFCFQ,Psychonauts,Xbox,Xbox Game,41,28.95,B3
MN2GK64YTB,NBA Street Vol. 2,Xbox,Xbox Game,92,14.95,D3
8R2GEYJI60,Star Wars: Battlefront II,Xbox,Xbox Game,58,11.95,E1
BAXQWB0HCR,Grand Theft Auto: The Trilogy,Xbox,Xbox Game,87,67.95,B2
EMJK31Q37T,Men of Valor,Xbox,Xbox Game,71,51.95,D3
V9CYVHH22E,The Bard's Tale,Xbox,Xbox Game,132,21.95,A2
18XSS3N8U5,Tom Clancy's Splinter Cell: Chaos Theory,Xbox,Xbox Game,94,41.95,B3
LG72M7S1CL,Final Fight,Xbox,Xbox Game,59,28.95,C2
736PELSWC1,Tony Hawk's Pro Skater 2,Xbox,Xbox Game,35,39.95,C1
S9A65RV8M4,The Elder Scrolls III: Morrowind,Xbox,Xbox Game,113,41.95,C2
8OV3NJS2O5,Tom Clancy's Splinter Cell: Double Agent,Xbox,Xbox Game,94,26.95,A4
0PIB0TOQS9,Teen Titans,Xbox,Xbox Game,67,67.95,C3
YVWO4FPHKU,Star Wars: Jedi Knight - Jedi Academy,Xbox,Xbox Game,131,67.95,C3
Q33IQR83W4,Fable: The Lost Chapters,Xbox,Xbox Game,81,57.95,B3
L9P3B6QCLD,Just Cause,Xbox,Xbox Game,80,49.95,E4
1M9D6QT2MK,Hitman 2: Silent Assassin,Xbox,Xbox Game,41,56.95,B1
4492O0F14F,FlatOut,Xbox,Xbox Game,42,39.95,E2
35OM9SR0Q6,Marvel vs. Capcom 2: New Age of Heroes,Xbox,Xbox Game,132,40.95,A4
8NNAVCIF2A,Crash Nitro Kart,Xbox,Xbox Game,97,67.95,D1
7QG27QL0QC,Super Smash Bros. Ultimate,Switch,Switch Game,105,54.95,C4
6Q44BBB0KK,FIFA 19,Switch,Switch Game,97,67.95,B3
JONV75CBY3,Legrand Legacy,Switch,Switch Game,111,54.95,C1
7P6960NCOV,Pokémon: Let's Go  Pikachu!,Switch,Switch Game,42,66.95,C1
XIEIRQAOJ8,Super Mario Party,Switch,Switch Game,53,41.95,D1
GMIIFBPMWQ,FIFA 19: Champions Edition,Switch,Switch Game,111,51.95,D2
8LVR1T19VG,The Elder Scrolls: Blades,Switch,Switch Game,96,77.95,C3
WXNHXFYRDQ,Fortnite,Switch,Switch Game,68,41.95,A2
VL4QAP646A,NBA 2K18,Switch,Switch Game,61,78.95,E2
NCUNH6J0P9,Hollow,Switch,Switch Game,53,33.95,B1
S9HDD2U64Y,MY HERO ONE'S JUSTICE,Switch,Switch Game,41,29.95,D2
KYFJONC1K6,Forgotton Anne,Switch,Switch Game,36,79.95,A4
1TADJ5C6AR,Figment,Switch,Switch Game,119,49.95,E1
VS4SVDIR6O,Bad North,Switch,Switch Game,97,59.95,D4
DLRCU2TPNK,Semblance,Switch,Switch Game,130,22.95,C2
Y5FYD5VCSX,Tanzia,Switch,Switch Game,65,29.95,B4
3I0KDRR2C6,Toby: The Secret Mine,Switch,Switch Game,106,34.95,B1
SX0Y59RW6N,Octopath Traveler,Switch,Switch Game,48,73.95,E3
I9UITC8UY1,NBA 2K19,Switch,Switch Game,71,24.95,B4
59G86V83IJ,Dragon Ball FighterZ,Switch,Switch Game,85,41.95,E4
1DU77V7H93,Valkyria Chronicles 4,Switch,Switch Game,77,33.95,E2
VA0E64K19X,Use Your Words,Switch,Switch Game,52,25.95,A3
0YE5N4PFEX,Mega Man 11,Switch,Switch Game,119,45.95,A3
TCX80GP91W,The Legend of Zelda: Breath of the Wild,Switch,Switch Game,106,45.95,B3
4X03H5J205,Death's Gambit,Switch,Switch Game,70,43.95,B2
JRDMLXU2GH,Don't Knock Twice,Switch,Switch Game,113,37.95,C3
R0XBR2SCUL,Pokémon: Let's Go  Eevee!,Switch,Switch Game,131,68.95,E2
G225V42I98,Hollow Knight,Switch,Switch Game,51,29.95,B2
7D3AM9F2BI,RISE: Race The Future,Switch,Switch Game,104,54.95,C3
WQMVFBPUC6,Doom: Eternal,Switch,Switch Game,70,24.95,C4
L1SGAYMS0O,The Walking Dead: The Final Season,Switch,Switch Game,52,46.95,D2
16BL6E4556,FIFA 18,Switch,Switch Game,46,38.95,D1
2Y2Y2Y5CP1,Super Mario Odyssey,Switch,Switch Game,38,72.95,D4
NAPD9T0LXO,Drawful 2,Switch,Switch Game,125,73.95,D2
NHE5RNFI8F,Chasm,Switch,Switch Game,88,72.95,D4
GWRAHFHHOY,The Jackbox Party Pack 3,Switch,Switch Game,116,69.95,C4
PKGW2U6059,Xenoblade Chronicles 2: Torna - The Golden Country,Switch,Switch Game,122,30.95,E2
B5Y124HDBR,PLANET ALPHA,Switch,Switch Game,111,57.95,A4
E0HDPSVYFH,Immortal Redneck,Switch,Switch Game,46,76.95,A2
AYBXMC5L8U,Undertale,Switch,Switch Game,56,38.95,A4
4JRHRB9SLD,Morphies Law,Switch,Switch Game,52,76.95,B2
T63B8JXOK4,Firewatch,Switch,Switch Game,129,52.95,B1
OL6GR647S9,Pillars of Eternity II: Deadfire,Switch,Switch Game,74,36.95,D3
0JRCWJIWU2,The Gardens Between,Switch,Switch Game,92,38.95,A2
QGTI0CQ9K2,Rime,Switch,Switch Game,48,70.95,A1
L2FPGAHJ1T,Night in the Woods,Switch,Switch Game,97,66.95,E2
EN5R9CU1DD,Stardew Valley,Switch,Switch Game,79,44.95,E4
VVPBIJA4GN,Dead Cells,Switch,Switch Game,43,33.95,C3
IGB5JCTA0F,Darkest Dungeon,Switch,Switch Game,84,52.95,C3
WFL1EISL1B,Wolfenstein II: The New Colossus,Switch,Switch Game,64,51.95,C4
8AB7MWD60O,PS4 - Mouse,PS4 Accessories,PS4 Acc,5,62.95,D4
4QX8UFLO2C,PS4 - Keyboard,PS4 Accessories,PS4 Acc,18,58.95,D4
D5OKRCCNYD,PS4 - Controller,PS4 Accessories,PS4 Acc,18,67.95,D2
IM265L0WVE,Xbox - Mouse,Xbox Accessories,Xbox Acc,18,52.95,D1
5NJEX9EDID,Xbox - Keyboard,Xbox Accessories,Xbox Acc,9,69.95,B2
KM79K5I40A,Xbox - Controller,Xbox Accessories,Xbox Acc,23,64.95,C1
II5V0GU66A,Switch - Mouse,Switch Accessories,Switch Acc,19,49.95,A2
38CQY8T3OS,Switch - Keyboard,Switch Accessories,Switch Acc,8,55.95,E4
R9H1EWELTA,Switch - Controller,Switch Accessories,Switch Acc,7,54.95,E1
U4PPS4AHN1,PS4,Consoles,Consoles,100,203.95,A2
190DW8L9VH,Xbox,Consoles,Consoles,100,189.95,C4
B12F6PM2HR,Switch,Consoles,Consoles,100,186.95,B3
6LN4LL356A,1-year Subscription Lite,Membership fees,Fees,9999,49.95,NA
IGYQPU7OU8,1-year Subscription Premium,Membership fees,Fees,9999,69.95,NA
D7EL0TBHUQ,1-year Subscription Ultimate,Membership fees,Fees,9999,89.95,NA
